图像编号,裂隙编号,振幅R(mm),周期P(mm),相位β(rad),中心线位置C(mm)
图2-4.jpg,1,2.487621193633,6.9812083135285485,-1.9245176335170497,5.74175086489176
图2-4.jpg,2,0.3853633029271353,6.974733483578393,3.1415926535292957,7.578812798645991
图2-4.jpg,3,1.1003015831837581,6.856639665487043,-3.1415926535897754,7.119833646047294
图2-4.jpg,4,0.4881483256672784,5.95465255706408,-3.1415926535896226,7.410855085617978
图2-4.jpg,5,2.7667192623851387,6.044875140056596,3.141592653589528,6.834565835439602
图2-4.jpg,6,3.773725833774888,4.086437182733286,3.1415926535868897,45.88375744689649
图2-4.jpg,7,0.8938608890516596,2.9725093543698295,-3.141592653484627,41.36711540263362
图2-4.jpg,8,2.571698070915396,6.124138378053294,3.1415926535897927,65.7794982874462
图2-4.jpg,9,0.4668610201975237,8.038341577726307,-3.1415926535897927,63.196092398646215
图2-4.jpg,10,3.3427704556313076,10.965916798025194,-0.45758786835047077,87.97594077481766
图2-4.jpg,11,2.261336935018257,15.446271230749097,-3.1415926535897927,89.5241641027769
图2-4.jpg,12,2.721747551571804,28.518487603841198,3.1415926535897927,109.560625150463
图2-4.jpg,13,1.9224924222450392,22.74976067211292,3.1415926535894583,122.37681100565463
图2-4.jpg,14,4.469707895036947,69.05337266585187,3.1415926535897927,127.70530047189459
图2-4.jpg,15,2.6445868500811627,2.0000000000000013,0.09467409129459042,135.24999999999997
图2-4.jpg,16,0.20515664492945984,12.659813025622523,-3.141592653403125,136.72156514814122
图2-4.jpg,17,47.015810965404945,2.0084992971505966,2.3738954481068717,193.97915101780083
图2-4.jpg,18,1.0122816568624526,2.9813351990081833,-3.1415925875193977,224.60183268055113
图2-4.jpg,19,16.076647691487068,1.9901430368915718,-2.056497080672775,270.2083661209953
图2-4.jpg,20,15.806723237858922,1.9899385006939732,-2.506838055046484,271.7917586609672
图2-4.jpg,21,0.18311484734974018,2.9726314553394397,-3.1415884144150086,278.41478279071094
图2-4.jpg,22,1.1900794918972222,4.012468892503351,3.141592653589739,279.0197079208133
图2-4.jpg,23,1.0,2.0,0.0,279.0
图2-4.jpg,24,1.0571863893652367,5.811190300520179,-3.141592653589792,352.908186468465
图2-4.jpg,25,2.119426064193327,6.412576301467579,3.1415926535897927,376.2796861584096
图2-4.jpg,26,7.7411670409364275,58.25589006609161,3.141592653589087,408.42078026144753
图2-4.jpg,27,1.6693213667001252,2.894127498541884,-3.1415926535897927,434.38369452331807
图2-4.jpg,28,18.25312801217397,1.9827099462030053,-2.520431271624295,435.0000000000002
图2-4.jpg,29,3.045997877786055,5.839211630366686,-2.2126735385342706,436.78589169952454
图2-4.jpg,30,0.6338600255979123,9.112547629205856,0.014332049521744333,439.14868908537954
图2-4.jpg,31,0.6938407017409186,2.9989576344267936,-3.1415926535897816,464.002516160313
图2-4.jpg,32,3.1986429351578627,1.999999999999994,0.09392782575966636,465.29999999999995
图2-4.jpg,33,0.656503786133523,9.872427179449902,-3.141592653575299,466.3197647895627
图2-4.jpg,34,1.1426374449843553,2.9902898534951716,-3.141592653475612,503.60774061765665
图2-4.jpg,35,2.612965747133573,12.569628650890944,3.141592653589792,533.3460940439196
图2-4.jpg,36,5.031076791712184,2.0000000002164784,0.049711635352499874,575.2499999998778
图2-4.jpg,37,0.9232545489176323,5.1948452704678365,3.1415926528054725,574.7418560368873
图2-4.jpg,38,26.022939809930087,15.067532617996775,3.1415926535897927,651.2607265386697
图2-4.jpg,39,5.331331236964302,2.0000000000005427,0.18868807067091253,612.0000000000023
图2-4.jpg,40,4.678116147979886,2.0000000079773215,0.08918583930283724,648.0833333320784
图2-4.jpg,41,13.02024323052097,1.9925886746946415,-1.6167780957720368,697.1750742446789
图2-4.jpg,42,22.9172075132453,28.422421804579702,3.1415926535897927,773.6153989679331
图2-4.jpg,43,2.448344454440871,2.1855398766488405,-3.141592653580069,783.3818403631346
图2-4.jpg,44,0.4952511409652832,8.505360621885924,3.1415926535842513,802.2216328546515
图2-4.jpg,45,0.48508168275037095,8.017481738533712,3.141592653589784,808.1752654644908
图2-4.jpg,46,6.358681062555375,2.000008155563498,-0.03619923167833058,807.2500006899952
图2-4.jpg,47,4.3652748078920265,5.040298798826687,3.1415926535897256,819.480379415539
图2-4.jpg,48,3.973295270427905,9.287752553405529,3.1415926535791625,850.2315603166222
图2-4.jpg,49,1.2471259625190638,8.458944760404588,3.141592653574094,991.471217921004
图2-4.jpg,50,4.0,2.0,0.0,1093.0
图2-4.jpg,51,1.598853724965322,5.19704165538669,3.141592653571619,1132.468064004664
图2-4.jpg,52,3.7946710224163933,25.567671750533435,3.1415926535897873,1282.2167048010574
图2-4.jpg,53,2.0919695292360423,1.9999999999999845,-0.11979090031318428,1273.25
图2-4.jpg,54,3.634681506451014,4.396474525879291,3.141592653589471,1288.706532037458
图2-4.jpg,55,3.128730640716576,5.099995390743952,3.1415926535897696,1317.0569756020006
图2-4.jpg,56,4.208954684946335,7.0266167442866925,3.1415926535897913,1313.6645811414878
图2-4.jpg,57,3.5,2.0,0.0,1324.5
图2-5.jpg,1,2.487621193633,6.9812083135285485,-1.9245176335170497,5.74175086489176
图2-5.jpg,2,0.3853633029271353,6.974733483578393,3.1415926535292957,7.578812798645991
图2-5.jpg,3,1.1003015831837581,6.856639665487043,-3.1415926535897754,7.119833646047294
图2-5.jpg,4,0.4881483256672784,5.95465255706408,-3.1415926535896226,7.410855085617978
图2-5.jpg,5,2.7667192623851387,6.044875140056596,3.141592653589528,6.834565835439602
图2-5.jpg,6,3.7480534562255885,16.09371090481192,3.1415926535893814,37.10734609903997
图2-5.jpg,7,1.886888067990146,2.0000024182720115,-0.13234687465570746,28.250000039812225
图2-5.jpg,8,3.353472386893969,10.012553751469827,1.938658865023922,38.68263523219055
图2-5.jpg,9,0.1282812920447331,7.710563654532947,-3.141591348217768,39.97033443522548
图2-5.jpg,10,2.2327534594286567,6.679051479598621,-3.1415926535897833,44.699565693078696
图2-5.jpg,11,2.7641984015732546,21.764346930601715,-3.141591026240208,134.22682258408292
图2-5.jpg,12,2.5763653402549673,5.000096145087184,3.1415926535897696,134.99803072781867
图2-5.jpg,13,18.587909166165495,54.07461107600358,-1.2420180955035318,159.85679035692868
图2-5.jpg,14,0.5369806318335589,2.978541304203134,-3.1415926534782197,157.74783744420435
图2-5.jpg,15,6.944719361826408,1.9999999999849105,-0.002571329641223973,200.26785714284836
图2-5.jpg,16,7.786730146653211,1.9999999209236416,-0.03211139169826413,220.74999999438424
图2-5.jpg,17,2.4298633562797707,7.010990130343058,3.1415926534841065,247.42260415712116
图2-5.jpg,18,5.005923848805564,16.80319049278961,-3.1415926535897833,267.76623422470834
图2-5.jpg,19,2.1375306333670916,37.2076263794229,3.1415926535498766,300.2601623619129
图2-5.jpg,20,2.9095809569306827,39.42886871714345,3.1415926535897927,349.4579451210733
图2-5.jpg,21,1.0944088689077236,4.089097391347073,3.1415926535887837,359.6413449211466
图2-5.jpg,22,5.132758268778686,5.057760646641541,3.1415926535890986,381.52875893616306
图2-5.jpg,23,4.479828165982345,5.615821201485586,3.141592653589781,384.68117519648763
图2-5.jpg,24,2.5278787534638267,6.191222309220919,3.1415926535897922,386.67322778447874
图2-5.jpg,25,2.109829054771047,4.082136923229351,3.1415926535897927,476.46384041847745
图2-5.jpg,26,2.762573861828835,2.000000000132363,0.2561798392607157,496.7000000000736
图2-5.jpg,27,6.91381107107564e-05,5.034803520172583,0.8245745863693329,511.00000589029185
图2-5.jpg,28,1.1104517980306783,7.211404933406539,3.1415926535897434,535.9786435440503
图2-5.jpg,29,0.49317625892931893,2.9799285098258417,-3.1415926535897927,541.0009373753647
图2-5.jpg,30,4.312094493652355,9.341852057526365,3.141592653583101,546.6047151408916
图2-5.jpg,31,3.556890815931018,22.184406153569867,3.1415926531544556,550.3958671903754
图2-5.jpg,32,3.220826924345706,8.835174931398656,-3.141592653585888,566.6269335753718
图2-5.jpg,33,2.5585167640696334,5.0793059961160045,3.1415926535897922,564.8943458532407
图2-5.jpg,34,0.3708030163722188,4.160765800639612,-3.141592653589792,570.0802933837332
图2-5.jpg,35,2.359506688886196,6.111783074710378,3.1415926535897927,566.8775551678154
图2-5.jpg,36,5.225438390659136,2.0000000183700917,0.047860393251015126,581.74999997731
图2-5.jpg,37,2.2747238629201205,7.281622732055488,3.1415926535884244,600.5514530460979
图2-5.jpg,38,3.201255055471428,1.9999972403192279,0.12436131743448672,597.4000000492309
图2-5.jpg,39,2.8761295045269555,2.000004720246415,-0.14366768790527465,620.0833333717534
图2-5.jpg,40,7.672598438824118e-05,6.919243951038872,-2.4659050026754277,630.9999648955135
图2-5.jpg,41,34.20884051557943,49.16417780871066,2.4111468287560194,683.2953510434418
图2-5.jpg,42,4.6223152554498625,37.08816109113834,3.141592653400409,657.1496277745251
图2-5.jpg,43,5.328378162002259,27.91529829209363,1.6449653471199264,662.6999977321307
图2-5.jpg,44,4.755266465321729,14.503817899403744,3.1415926535895897,671.3877960036276
图2-5.jpg,45,1.1173263264734685,3.006174853731992,-3.141592653589384,659.6106143139056
图2-5.jpg,46,1.477478085362615,12.281377871541858,3.1415858219367006,675.4174660614472
图2-5.jpg,47,1.0,2.0,0.0,685.0
图2-5.jpg,48,0.7838760236891179,7.086416543383741,3.1415926535897847,687.5941856213014
图2-5.jpg,49,1.3416574527563574,17.61386157472442,3.141592653589755,699.5504100542584
图2-5.jpg,50,0.9613641339422125,6.862715873847311,-3.1415926535886594,698.2306914970698
图2-5.jpg,51,0.574487347067482,10.245855094588705,2.3724986531471,700.4999999983961
图2-5.jpg,52,10.120979962068045,42.700702068955636,2.587291703338228,742.4078500274726
图2-5.jpg,53,0.15328260296979204,5.081372799383624,3.1415926535744734,711.9644553521377
图2-5.jpg,54,0.8541172364523695,4.052383692332983,3.141592653489331,721.8188681520521
图2-5.jpg,55,3.2532267663691394,4.096413760692233,3.1415926535897927,764.7283544477338
图2-5.jpg,56,4.28472041624909,9.31247568122289,3.1415926535897927,773.8194841664246
图2-5.jpg,57,1.6312119908029767,5.891110669065702,-3.1415926535188885,778.8086031387343
图2-5.jpg,58,4.119460842546382,7.859958400891663,-3.1415925792280994,837.4800342007583
图2-5.jpg,59,1.7663347110421037,2.8030352085735957,-3.14159265358978,844.1163291528466
图2-5.jpg,60,4.568036681623368,23.82850205217066,3.141592653578048,860.7331262238379
图2-5.jpg,61,921.7462900911947,638.9452327653473,1.810950699040799,0.0196023838381968
图2-5.jpg,62,5.544753013447897,1.9999995543898035,0.07511201166195328,872.0833333106381
图2-5.jpg,63,1.9704237357964605,1.9999999957933277,-0.12721915258779265,869.2499999936615
图2-5.jpg,64,1.3205613088484867,2.9749236195969253,-3.1415926535706804,901.2606632293823
图2-5.jpg,65,12.40787377814461,9.195698962519181,3.1415926535897785,923.786485372814
图2-5.jpg,66,1.8437763693707427,7.2539534227550755,3.1415926535897927,934.4739220250674
图2-5.jpg,67,1.3987993307132138,4.922171630105983,-3.1415926519878927,943.7367019521013
图2-5.jpg,68,1.1355846772369007,4.047838405808798,3.141592653588999,951.0599076551641
图2-5.jpg,69,3.2899539740771693,1.9999958160832612,0.08974064196875459,973.3000001012812
图2-5.jpg,70,2.770837250941126,2.0000015541793306,-0.09008222562700666,981.2500001215745
图2-5.jpg,71,0.0006739749365883639,0.005079965285265982,-1.2254281295646339,990.4614249881532
图2-5.jpg,72,3.868279302256047,5.089905063802185,3.1415926535897922,996.8669633003292
图2-5.jpg,73,2.547145666860171,1.9999999999285534,0.09830733397729605,1035.249999997391
图2-5.jpg,74,4.624652201043772,7.195648109262609,3.1415926420157314,1046.0976739828964
图2-5.jpg,75,6.312028127483321,2.0063243716529406,0.5595196095212116,1063.093752300465
图2-5.jpg,76,2.2287282260584953,1.9999999999999645,-0.1124081695674418,1072.25
图2-5.jpg,77,2.135835808660109,2.0000000000000107,-0.11731913662820677,1086.25
图2-5.jpg,78,1.950661747083193,6.349657709362011,0.859854105032934,1107.5956479034473
图2-5.jpg,79,4.477119467256789,8.090357529735751,3.1415926535897927,1122.931789337708
图2-5.jpg,80,7.413135501449479,1.9908404459205873,-1.0334602817370886,1137.4464257733182
图2-5.jpg,81,14.843294308627467,16.855072027744058,-1.5105729321065675,1183.3785600432789
图2-5.jpg,82,7.5868628709964705,12.40074873997446,3.141592653589792,1160.3970424315983
图2-5.jpg,83,4.317605044912976,1.9999987830656,0.17443992447169443,1157.250000067987
图2-5.jpg,84,3.9764685156723845,0.9552993310657689,-3.141592553831009,1192.171291141705
图2-5.jpg,85,0.4554919141979094,2.9272706845059457,-3.14159265320648,1227.4082090018135
图2-5.jpg,86,8.216109436077103,35.85746875369657,3.141592653589614,1244.1818671871947
图2-5.jpg,87,55.77245689112043,2.0349530924230756,2.6786846928699237,1249.580359423531
图2-5.jpg,88,6.03351501558348,2.0000000037855004,0.041446456920127474,1251.2499999769848
图2-5.jpg,89,13.509038525701747,24.63619949281063,3.141592653589428,1286.7044087338975
图2-5.jpg,90,2.6447175431036163,5.061070498777852,3.1415926535897927,1270.0018076437063
图2-5.jpg,91,1.463809080463786,2.9928503824365906,-3.1415926535897927,1273.8304165620175
图2-5.jpg,92,3.8802351667529984,9.152445596513093,3.1415926535865673,1300.9705323883118
图2-5.jpg,93,1.695325727659196,10.221703195960865,3.1415926535897927,1303.0026597477643
图2-5.jpg,94,0.8632022441308401,3.009049543953281,3.141592634758443,1306.5516318210477
图2-5.jpg,95,4.58511069373908,5.980738980218537,3.1415926535891523,1306.3122434973693
图2-5.jpg,96,5.492917836987228,20.201184170856987,-1.233287713188457,1325.138168340557
图2-5.jpg,97,1.8246217337484945,7.032581714125072,3.1415926535845835,1324.4242975139514
图2-7.jpg,1,2.487621193633,6.9812083135285485,-1.9245176335170497,5.74175086489176
图2-7.jpg,2,0.3853633029271353,6.974733483578393,3.1415926535292957,7.578812798645991
图2-7.jpg,3,1.1003015831837581,6.856639665487043,-3.1415926535897754,7.119833646047294
图2-7.jpg,4,0.4881483256672784,5.95465255706408,-3.1415926535896226,7.410855085617978
图2-7.jpg,5,2.7667192623851387,6.044875140056596,3.141592653589528,6.834565835439602
图2-7.jpg,6,13.17962685182987,24.53011314172172,3.1415926535897927,51.169797145392394
图2-7.jpg,7,1.4797027930511883,9.268082189538783,0.10395532938493032,57.374937584518875
图2-7.jpg,8,3.3505230962754524,1.999989784004064,0.07083703034571862,86.7500003326188
图2-7.jpg,9,2.946368530266957,4.981397673155106,-3.14159265358854,281.26815341967455
图2-7.jpg,10,1.2330489433252103,6.400566213005185,-3.1415926535879874,302.1825108616619
图2-7.jpg,11,1.232409884137708,4.05032484732824,3.1415926491810864,305.4433442551389
图2-7.jpg,12,7.106049054791315,1.9999999999693867,-0.19114074490551525,308.8499999999921
图2-7.jpg,13,4.712786520379686,12.305021352309462,3.141592653510762,334.4424734878297
图2-7.jpg,14,31.283313251012615,56.92213425288074,3.1415926535878556,449.72839330923745
图2-7.jpg,15,3.4989950560700427,1.9999984049205564,0.0852687862520237,374.3000000476467
图2-7.jpg,16,3.3693429842931875,18.686850957854332,-3.1415926535897927,438.49890229357385
图2-7.jpg,17,1.5473206764531497,12.03087699119267,3.1415926535879826,433.93409796914256
图2-7.jpg,18,2.094380633975054,1.999999999998949,-0.11965233145375467,472.24999999999994
图2-7.jpg,19,0.65701941657927,2.9865280967698538,-3.141592653589764,514.2425359317454
图2-7.jpg,20,4.7440357097292525,1.999999811077738,-0.05278367177177979,518.7500000293381
图2-7.jpg,21,5.561345720456562,16.608669249629774,-3.062519240775013,541.4656216263539
图2-7.jpg,22,2.0948679275915882,11.660785317989905,-2.171973635252278,541.6548124755485
图2-7.jpg,23,2.207313071382295,1.999999999999981,0.11350342822202994,541.2500000000235
图2-7.jpg,24,0.5301038889922229,5.769831821050643,-3.14159265358959,557.7717948080631
图2-7.jpg,25,12.12716008179684,25.097901950077375,0.6464172425706189,595.3963232367151
图2-7.jpg,26,3.051580180672992,22.360568038653323,-3.1415926535897927,592.9469697788458
图2-7.jpg,27,3.1181704766349867,6.974909013564313,-0.3775279105446103,593.0534429746564
图2-7.jpg,28,2.506575525924529,9.748009487109396,-3.1415926535897816,592.4524765195563
图2-7.jpg,29,2.5912781512339236,2.000001239075034,-0.09631301240395548,592.7500000390315
图2-7.jpg,30,4.323503569795671,10.06457815903707,3.1415926535885195,617.4561130280608
图2-7.jpg,31,2.334840813051857,10.91848653979433,-3.1415926534472915,633.4823289954834
图2-7.jpg,32,0.42293066154913816,3.914710056986924,-3.1415926534371414,619.907848165434
图2-7.jpg,33,6.912702715747105,1.999999999569213,-0.06745021900866692,640.2840909067623
图2-7.jpg,34,9.394789281815022,11.545403513496817,-3.0577263468277684,666.8735139993648
图2-7.jpg,35,0.5783933655421012,8.045017198618055,3.1415926535897927,723.3761289607028
图2-7.jpg,36,14.978785676056063,32.27665173233301,0.0798806077885712,750.2980896535296
图2-7.jpg,37,3.369286620620256,2.000005204074578,-0.0979113708866365,749.6666668009898
图2-7.jpg,38,2.5896498721210754,25.344124211560697,-3.1415926535887215,764.479252588876
图2-7.jpg,39,1.6111356004536637,3.0142389261641402,3.1415926535893166,764.4306015809278
图2-7.jpg,40,0.992596127592974,4.033992431726059,3.141592617626076,794.5595517153849
图2-7.jpg,41,7.6820606933378714,34.57957118723447,-0.28768891237149324,845.5043699717564
图2-7.jpg,42,0.7731597072379808,2.8180700746553997,-3.141592653534606,871.4811910603584
图2-7.jpg,43,0.8064713591042401,5.836449942853697,3.1415926535763976,876.4253107675447
图2-7.jpg,44,4.175481544369843,16.074136468060747,3.14159265358979,910.4744147370085
图2-7.jpg,45,2.700528621639172,3.0205668316486687,3.1415926535897927,911.5751352382096
图2-7.jpg,46,1.1487065988136018,2.9448192939085645,-3.1415926535628094,948.4671386867168
图2-7.jpg,47,4.737845140689322,2.0000002382920545,0.035258517189435734,949.8333333283769
图2-7.jpg,48,10.685075426634691,4.015617683442055,3.141592653589684,963.9484509656796
图2-7.jpg,49,3.3106716132215976,10.067589517233591,0.9715997001578772,958.1767706774913
图2-7.jpg,50,0.36800679152610277,5.033174885742734,3.141592653589781,960.8735534462733
图2-7.jpg,51,0.9433968303317934,2.9871915659711776,-3.1415926535859957,961.9010616145965
图2-7.jpg,52,7.544342082141442,12.475538014677388,3.1415926535897927,992.1331262704915
图2-7.jpg,53,0.1300305152705075,6.577167991500875,-3.1415926535435768,996.1424095883159
图2-7.jpg,54,4.671604227695945,9.276493910519786,2.9956440527295447,1024.4164230992833
图2-7.jpg,55,10.407570709473926,2.0076768937758898,2.4085498964466883,1037.187506764489
图2-7.jpg,56,2.21578626841427,8.141682878525758,3.141592653589783,1099.0596472787997
图2-7.jpg,57,3.066097143233789,8.01056538753627,3.141592653589791,1143.8127903796133
图2-7.jpg,58,5.455521769997932,40.87719300153,3.141592653589773,1175.1054305130488
图2-7.jpg,59,6.91641677824904,13.791783325320601,3.141592653585393,1176.0083519112704
图2-7.jpg,60,21.696999079854447,1.9753561037126492,-2.7631404680702083,1169.9251632555047
图2-7.jpg,61,2.9527099286127614,7.024825292959196,3.1415926535897927,1199.199600883083
图2-7.jpg,62,3.2859892643348343,10.414121038343103,3.141592653589792,1208.7357450124923
图2-7.jpg,63,2.3571020211890965,11.697918203854364,3.1415926535819723,1211.0793993264879
图2-7.jpg,64,1.870285837903309,7.267557945923115,3.14159265355787,1217.1946272841874
图2-7.jpg,65,0.4704932536393009,10.636866642274768,-3.14159265358977,1223.2898725743016
图2-7.jpg,66,3.2082197701634043,6.17344210478501,3.1415926535896888,1230.048182620568
图2-7.jpg,67,1.9687660661003992,1.9999999999998557,-0.12732685172421898,1229.25
图2-7.jpg,68,2.3156760780016725,25.572221038306864,3.141592653589316,1251.9386591730745
图2-7.jpg,69,1.4588525348590107,9.777794909000916,3.1415926535897922,1248.6914658540838
图2-7.jpg,70,2.2628954633264025,1.9999999999308655,0.11070390182290994,1274.2500000001207
图2-7.jpg,71,12.00910881662866,2.0134669579080344,3.140513125701359,1272.6251793804229
图2-7.jpg,72,7.228053272265599,8.335598676574737,3.141592653589787,1290.9643642647495
图2-7.jpg,73,2.0,2.0,0.0,1294.0
图2-7.jpg,74,8.856323296255083e-05,5.88695127874955,-3.079653239931708,1313.0000160382522
图2-6.jpg,1,2.487621193633,6.9812083135285485,-1.9245176335170497,5.74175086489176
图2-6.jpg,2,0.3853633029271353,6.974733483578393,3.1415926535292957,7.578812798645991
图2-6.jpg,3,1.1003015831837581,6.856639665487043,-3.1415926535897754,7.119833646047294
图2-6.jpg,4,0.4881483256672784,5.95465255706408,-3.1415926535896226,7.410855085617978
图2-6.jpg,5,2.7667192623851387,6.044875140056596,3.141592653589528,6.834565835439602
图2-6.jpg,6,64.14362156156854,66.74431522340517,3.141592653589769,166.052977523264
图2-6.jpg,7,5.192508048200233,13.148140525696721,-1.760111012431379,189.0265106424891
图2-6.jpg,8,5.047612469030188,6.873833720735899,-2.414474847167464,204.2366660908296
图2-6.jpg,9,4.130293511990454,8.274369850253818,3.141592653530455,230.33005464629798
图2-6.jpg,10,2.4501649333250857,2.0000002971536217,-0.033979633761020894,240.41666668391565
图2-6.jpg,11,3.0843036028780024,9.361056486781884,3.1415926513364063,253.5665691594104
图2-6.jpg,12,19.277216832086257,29.893467689889906,-2.8438438144562026,308.6521195404242
图2-6.jpg,13,3.368032016064108,4.109136260873661,3.1415926535897922,258.44741996766186
图2-6.jpg,14,16.256631987646013,23.053914254776785,3.1415926535897927,290.1170072850623
图2-6.jpg,15,1.0642724023965227,4.373438542311426,3.141592653587439,300.944046687725
图2-6.jpg,16,3.6197706124785656,6.500032307952675,3.1415926535895733,325.89914658005944
图2-6.jpg,17,5.971992117787298,25.440572384542598,3.141592653589792,359.7482506727194
图2-6.jpg,18,8.966467357175539,12.864627451278636,3.1415926535896483,359.6233607065616
图2-6.jpg,19,7.947333397733219,7.858876803233525,-3.141592653588661,396.9922929715389
图2-6.jpg,20,5.530465869636778,1.9999992744505308,0.4187885739812207,396.2500001271337
图2-6.jpg,21,1.4350163648095073,14.343045049586943,-3.141592653485228,466.56287480726354
图2-6.jpg,22,2.4611909563868775,16.33450848135856,-3.141592653585216,466.5089137365481
图2-6.jpg,23,8.902021521363544,9.373616837713323,3.1415926535896803,472.4197002346084
图2-6.jpg,24,2.3024383683312815,6.061992199635396,3.141592653589764,493.5529297615951
图2-6.jpg,25,3.549332691189941,6.312867535309143,3.1415926535897927,514.4670779089893
图2-6.jpg,26,4.258326020153524,1.9999999999999885,-0.058742293147900554,510.75000000000006
图2-6.jpg,27,86.20037509616523,2.0111407146919302,3.141215075259992,510.24994321101224
图2-6.jpg,28,7.1977338897273855,6.904765079317143,-3.1415926535896426,526.1520882156412
图2-6.jpg,29,4.5,2.0,0.0,530.5
图2-6.jpg,30,0.46571922621698775,8.118453307488974,3.1415926535897927,560.7725401565733
图2-6.jpg,31,2.3291306832504124,3.0134203098187835,-3.141592653589723,560.7590992078722
图2-6.jpg,32,0.875092232339783,5.119534225046902,3.1415926535897896,564.4942005125063
图2-6.jpg,33,1.0523383527038395,8.316992853676732,-3.1415926535897927,594.7500871359296
图2-6.jpg,34,2.4432753756526306,1.9999955858322707,0.1012027708317774,596.250000085705
图2-6.jpg,35,1.6846131108096198,6.045477486760683,3.141592653589792,596.5512812663864
图2-6.jpg,36,0.386803141360001,6.08529868256064,3.1415926535897927,596.7554529369721
图2-6.jpg,37,2.7326398646934074,2.000001020046468,-0.09149124283471745,634.250000082288
图2-6.jpg,38,0.7725835763227399,4.466949967373454,-0.949394933836847,641.0913505794683
图2-6.jpg,39,5.797960007912964,43.55066103068838,3.1415926535897865,666.0080061300006
图2-6.jpg,40,9.756324157295518,52.37913347484658,3.1415926535042034,664.2073690099012
图2-6.jpg,41,12.361132861246833,12.612718462812584,1.1607555863970267,680.7794726190848
图2-6.jpg,42,1.9842931529602676,6.441912837049211,3.1415926535897802,696.0690600101718
图2-6.jpg,43,3.2021563118318883,11.416418588750478,3.141592653589763,697.713032420018
图2-6.jpg,44,2.476305658676703,1.9999999729441695,-0.10112929801798917,697.7500000102998
图2-6.jpg,45,5.006612197289935,1.8907644593064856,-0.2722498594302923,730.5462735580267
图2-6.jpg,46,2.0013027705250277,9.179394575656346,3.1415926535897922,735.9734218327668
图2-6.jpg,47,20.220611612726213,40.58525951038842,3.1415926535897927,828.7803197519299
图2-6.jpg,48,1.9534979813033233,5.048921887844665,3.141592653589784,786.7305514267987
图2-6.jpg,49,4.113229943775051,8.170976702015995,3.1415926535897927,793.4578827629321
图2-6.jpg,50,9.157493975329785,27.451588587593562,3.141592653589781,810.9210919654504
图2-6.jpg,51,2.169168378699422,4.174637824770571,3.1415926535897927,817.6941509059448
图2-6.jpg,52,0.7600241451953379,11.329283738809599,-3.141592598366108,820.0851698266213
图2-6.jpg,53,0.151634353917578,5.052556724862313,3.141592653589658,831.96473966205
图2-6.jpg,54,1.538964895386616,8.141122107941184,3.1415926535301577,838.54549312608
图2-6.jpg,55,59.12225326958638,2.0068441208480494,2.406431778409188,848.0166958433949
图2-6.jpg,56,13.77787626985868,15.230151924840872,-3.1415926535897882,867.1032833918761
图2-6.jpg,57,7.408560021521258,8.117215562868903,3.1415926535897927,900.8354669645137
图2-6.jpg,58,1.157372984735102,5.182149026597881,3.141592653589787,886.1213454889676
图2-6.jpg,59,8.658588163020339,24.34533928728107,3.1415926535896666,911.1587888443682
图2-6.jpg,60,5.241727428384852,2.0122237648569072,1.3690115273845767,899.0265519131349
图2-6.jpg,61,24.51965931638054,29.315455169827704,-2.860663482290389,928.9751382339713
图2-6.jpg,62,2.0106174942049178,4.092216115734535,3.1415926535801493,933.1368852503937
图2-6.jpg,63,39.17925363719629,1.9927142919061305,-2.7866811824456956,953.7750090705865
图2-6.jpg,64,8.32788322052354,9.18867156792893,3.141592653584461,997.8004023900065
图2-6.jpg,65,0.8468709749605049,3.009206293808896,3.141592653589597,959.5982942464503
图2-6.jpg,66,7.30008549369062,11.904123581324782,3.1415926535890977,972.617087789794
图2-6.jpg,67,2.8719273908100145,7.369599402293486,3.1415926535897927,974.7594075104912
图2-6.jpg,68,12.420524714608296,16.039047291017567,3.1415926535896093,990.1529389491327
图2-6.jpg,69,0.7390980145368498,7.063243019822926,3.1415926535892305,983.3395285100428
图2-6.jpg,70,1.5794930007803798,32.98398258491119,-3.1415926441653688,1017.3676101498365
图2-6.jpg,71,6.722890675686743,41.704694058657694,3.141592653589784,1010.2710326394451
图2-6.jpg,72,4.748897391779401,16.830470933039493,3.1415926535897927,1005.2197250067012
图2-6.jpg,73,16.588254453240044,40.376480256856084,3.1415926535897873,1016.4937958201839
图2-6.jpg,74,2.1752578427152733,13.771453440384422,3.141592653589026,1005.9555296662465
图2-6.jpg,75,3.822113243237819,13.593498246861074,3.1415926535897927,1020.8985277071395
图2-6.jpg,76,5.633124158689665,13.190317268122934,3.141592653569135,1031.320329850539
图2-6.jpg,77,25.98328832629106,2.00770193683462,2.310408877629911,1028.3436898580367
图2-6.jpg,78,2.0425946095261485,4.053581836768327,3.1415926535870096,1035.2066466498027
图2-6.jpg,79,1.3386530681408928,2.9497857276305175,0.4782030304343647,1044.087853729916
图2-6.jpg,80,1.4438547384352596,2.000004876576039,-0.17282644172479095,1053.250000069326
图2-6.jpg,81,9.069475587285565,15.122873782558113,3.1415926535897927,1083.3747866700414
图2-6.jpg,82,4.543144845878878,11.918849294827346,-3.1415926252374717,1069.3783630550888
图2-6.jpg,83,18.154210681699567,2.0088059206688293,2.6372751336789317,1077.1250059270296
图2-6.jpg,84,6.713872639161313,9.448697016464346,-3.1415926535897047,1086.7417048643063
图2-6.jpg,85,26.91008381138363,48.680476535178954,3.1415926535897922,1129.0719397327648
图2-6.jpg,86,35.37228345897837,126.470682878199,3.1415926535897927,1137.715607438119
图2-6.jpg,87,1.7976355699531086,8.372050285344844,3.141592653214692,1120.9637383111542
图2-6.jpg,88,3.277029788273522,5.985156086039808,3.1415926535897816,1140.1473957127746
图2-6.jpg,89,0.8969492867496037,9.980697295322564,3.1415926458478234,1147.5906472035228
图2-6.jpg,90,1.437627083721923,2.757942460965722,-3.1415926535897887,1148.0374435805916
图2-6.jpg,91,2.1282803120587896,1.9999999999999962,-0.11773755688984368,1165.25
图2-6.jpg,92,2.460976423675208,17.365674062611518,0.5171494257038944,1176.7594156888147
图2-6.jpg,93,2.524099931998129,10.985720738251946,-3.141592653589786,1253.5275668102333
图2-6.jpg,94,0.4718796647018122,10.048819300850239,3.1415926535890395,1252.374258437885
图2-6.jpg,95,3.830061343829544,5.070706233410778,3.1415926535897905,1282.5723917828184
图2-6.jpg,96,0.6703256128689713,4.7746480084838065,3.1415926528987557,1279.7088393319762
图2-6.jpg,97,3.0407620911718145,2.7740204099640833,-3.141592653589788,1309.9188451426314
图2-6.jpg,98,3.1635077554520166,7.077072096891579,3.1415926535868106,1310.999955620042
图2-2.jpg,1,2.487621193633,6.9812083135285485,-1.9245176335170497,5.74175086489176
图2-2.jpg,2,0.3853633029271353,6.974733483578393,3.1415926535292957,7.578812798645991
图2-2.jpg,3,1.1003015831837581,6.856639665487043,-3.1415926535897754,7.119833646047294
图2-2.jpg,4,0.4881483256672784,5.95465255706408,-3.1415926535896226,7.410855085617978
图2-2.jpg,5,2.7667192623851387,6.044875140056596,3.141592653589528,6.834565835439602
图2-2.jpg,6,1.748124851535247,10.300615211108303,3.1415926535897913,31.477672534570427
图2-2.jpg,7,1.310064270075213,7.132935600399324,3.141592653589407,30.259793810052518
图2-2.jpg,8,1.803513345671514,7.100261746493096,3.141592178827124,44.51059982492802
图2-2.jpg,9,2.758759525714416,5.144011141918071,3.141592653589233,53.282723988308554
图2-2.jpg,10,8.220398643230086,26.189712097992885,-2.6164474048291644,86.33932599681012
图2-2.jpg,11,1.2233749494169857,7.455717335113657,3.1415926535897927,63.088121606407164
图2-2.jpg,12,4.40435101473797,9.326528971807026,-3.141592653498431,116.27763019933225
图2-2.jpg,13,2.6152394982700913,1.9999999999972808,-0.09573973242459556,118.74999999999935
图2-2.jpg,14,1.5000602110670918,2.0080994461289148,-0.07558704163380218,117.50006021193444
图2-2.jpg,15,22.54883333550161,1.9929611606524256,-1.45905665621664,145.3750269315376
图2-2.jpg,16,5.105036899528951,13.880583821532738,3.1415926535897896,148.95056952306447
图2-2.jpg,17,0.815215024245663,4.403059831944635,-3.141592653589767,148.43677719073085
图2-2.jpg,18,2.0014518870530913,12.967456971728952,3.1415926535897913,171.5125367973163
图2-2.jpg,19,3.3965301803442562,6.0766055680163396,3.1415926535895378,178.19845306283315
图2-2.jpg,20,0.5805168468191394,7.289385628029516,3.1415926535895777,175.54162966918744
图2-2.jpg,21,3.0599650076533744,8.73533022344167,-3.1415926535897927,215.170388523316
图2-2.jpg,22,3.133578577216977,9.303381560276042,3.1415926505445033,245.310674262705
图2-2.jpg,23,5.075670968706399,9.702277418022843,-3.1415926535242074,260.5608404047919
图2-2.jpg,24,2.506378755124575,2.0000020144745156,-0.09938990289268221,253.75000005616374
图2-2.jpg,25,1.5110957234157536,2.0000000295710465,0.16619784434972745,258.74999999011527
图2-2.jpg,26,1.022903018241989,2.984938681561605,-3.141592653589557,368.09802267766827
图2-2.jpg,27,66.79077335620264,141.895070525723,1.393847964675697,452.0452013051219
图2-2.jpg,28,2.234199690178387,1.9999999999997944,0.11213172546102888,388.25000000003155
图2-2.jpg,29,2.0175043906026313,2.98189613326074,-3.141592653589616,401.39011678506137
图2-2.jpg,30,2.635247884592275,5.082477553127402,3.1415926535897856,402.6838888441612
图2-2.jpg,31,5.391577311215523,9.210285134887764,-3.141592653589476,424.9983339539607
图2-2.jpg,32,3.945922460563928,9.512237451444022,3.141592653589406,468.04786476293515
图2-2.jpg,33,3.18836234831164,5.187355262621591,3.1415926535897922,475.25494279382065
图2-2.jpg,34,4.554856874313879,7.191324857759065,3.1415926535897922,485.1546455534109
图2-2.jpg,35,1.5589151517942004,1.9999999999999927,-0.16106339876563752,486.75
图2-2.jpg,36,32.136140870712524,24.074495857669664,3.1415926535897616,532.0508856257013
图2-2.jpg,37,2.7056615884486876,6.024255676821201,-0.8510388336798081,531.5855141178425
图2-2.jpg,38,29.809890070274978,55.60418094492636,1.102869563808908,600.7159593141024
图2-2.jpg,39,1.5728014066569438,6.006496103708506,3.1415925826873825,564.9675859585748
图2-2.jpg,40,2.0061419397743157,7.449062930224249,-3.1415926535897927,574.56476611918
图2-2.jpg,41,19.256711411610492,26.520996101628864,2.231823923068646,607.2113846572499
图2-2.jpg,42,3.046791204942188,2.0000000006295457,0.08214591247851953,596.2499999998023
图2-2.jpg,43,3.1953236904059406,6.086147231647945,3.1415926535897913,645.5651211149367
图2-2.jpg,44,6.171412862686043,31.38014003238156,3.141592653589582,660.0093119013271
图2-2.jpg,45,0.6344142979332765,4.066254636610107,3.141592653371295,654.3598008281765
图2-2.jpg,46,0.9134478021497524,6.980774895572297,-1.3658096023719541,663.4182566300464
图2-2.jpg,47,2.6959512994000163,4.052900744186297,3.141592653589637,679.5047147254277
图2-2.jpg,48,7.667721916024059,57.52088177266244,-3.1415864828182345,689.5959039486789
图2-2.jpg,49,2.875686812970626,35.352507563516234,3.1415926535887024,783.6948843895801
图2-2.jpg,50,0.9023206332127034,5.476091400291541,-0.4822031584174332,780.715288945541
图2-2.jpg,51,10.520078200232916,120.65561834049602,3.1415926535897927,855.1479226504687
图2-2.jpg,52,0.613594636920827,5.090561058247899,3.1415926535895533,847.5373110490988
图2-2.jpg,53,3.1258116467211927,12.435704805365859,3.141592653589726,880.3153860396563
图2-2.jpg,54,2.2801458233648444,11.644267658699606,-3.1415926535897927,883.7745550820476
图2-2.jpg,55,7.392914569048027,126.56099435939043,3.1132133196898937,939.8072716502543
图2-2.jpg,56,3.1481675749616214,8.099807764874658,3.1415926535897927,942.7256661389545
图2-2.jpg,57,2.69416360642809,1.999999999999899,0.09292686257091388,955.24999999995
图2-2.jpg,58,3.69320427408915,2.000000000000002,-0.06774369920891736,1063.75
图2-2.jpg,59,4.8761641298430805,25.743452632530936,-3.14159265357807,1128.3761402426242
图2-2.jpg,60,2.0548293918224845,4.0238956624588,3.1415926535897447,1163.999972172968
图2-2.jpg,61,1.2328722642616303,4.01048861677463,3.1415926535623777,1244.2654114370987
图2-2.jpg,62,0.6630530340471961,5.044530683490083,3.14159265358979,1252.8252685811415
图2-2.jpg,63,11.04374574840079,7.098370861933826,3.1415926535897927,1266.5327362287912
图2-2.jpg,64,1.3313060308333837,3.082407885210403,3.141592653328403,1266.2132854807026
图2-2.jpg,65,1.1583307262998384,3.0359520186118996,3.1415926535897927,1296.5436123700513
图2-2.jpg,66,11.959568237246165,1.9933679780454987,-2.4928533696352178,1324.5625017070538
图2-3.jpg,1,2.487621193633,6.9812083135285485,-1.9245176335170497,5.74175086489176
图2-3.jpg,2,0.3853633029271353,6.974733483578393,3.1415926535292957,7.578812798645991
图2-3.jpg,3,1.1003015831837581,6.856639665487043,-3.1415926535897754,7.119833646047294
图2-3.jpg,4,0.4881483256672784,5.95465255706408,-3.1415926535896226,7.410855085617978
图2-3.jpg,5,2.7667192623851387,6.044875140056596,3.141592653589528,6.834565835439602
图2-3.jpg,6,1.5273698110897453,5.119538236727939,3.1415926535897927,21.99770610461498
图2-3.jpg,7,0.3092408397729354,43.367115266375876,0.6449853824829352,55.82141850668409
图2-3.jpg,8,0.6826319901382226,24.914391347234563,-1.0389182764028366,78.20841451335559
图2-3.jpg,9,0.6029635980182084,11.379130833696571,3.1415926535897865,106.2388476078363
图2-3.jpg,10,0.7526201551493708,8.26907331924753,3.1415926535876038,105.56268436652829
图2-3.jpg,11,0.6979205769734033,7.164627283727826,3.1415926535897922,123.39470835393855
图2-3.jpg,12,14.844369115447442,47.39431519226334,-2.669520468484051,189.01444957276965
图2-3.jpg,13,0.14364781279254127,10.89467081166114,-3.1415922735045427,314.92851897792593
图2-3.jpg,14,2.2745228175939447,129.5727055597258,3.14159265357087,365.3913901578681
图2-3.jpg,15,0.491416963672991,53.097530514319665,-3.141592653448208,387.8118433255502
图2-3.jpg,16,23.27860223173483,147.93079185555905,3.1415926535897927,464.3844090765144
图2-3.jpg,17,0.6190383427103638,7.112731467874076,3.141592653589782,455.46320148753335
图2-3.jpg,18,1.5,2.0,0.0,529.5
图2-3.jpg,19,4.321932128406567,20.46835176535927,3.1415926535896626,534.1041889277142
图2-3.jpg,20,1.4130834406122454,110.77467193497333,3.1415926476736034,556.1529932990593
图2-3.jpg,21,0.8429152844311745,21.926532304805352,-3.1415926535881935,575.4069553414018
图2-3.jpg,22,1.1590221299984895,65.47715868599803,3.1415925834862564,598.964322700087
图2-3.jpg,23,6.12562158464256e-05,5.927301827430347,-1.7887174881237975,607.9999998417461
图2-3.jpg,24,1.1030765911041394,68.13277193374213,3.1415926535873453,627.6976566498371
图2-3.jpg,25,6.735658945895377e-05,2.997313092273035,0.685027290919692,643.4999998226326
图2-3.jpg,26,6.350621934928387e-05,6.015571432860695,-0.01378608008596327,650.9999978008137
图2-3.jpg,27,0.38923662777753326,27.500842704509637,-3.1415926399661602,661.0005873802697
图2-3.jpg,28,0.8067584687837986,17.038763555053134,3.141592653365689,710.0543090963133
图2-3.jpg,29,0.6161520548813764,5.141844564675129,3.1415926535897927,710.5971717700467
图2-3.jpg,30,3.111862151048352,54.058816445821854,-3.1415926535897363,735.9699162509309
图2-3.jpg,31,0.7121201983196944,8.090402896697794,3.141592653589768,747.3569212955623
图2-3.jpg,32,6.494678481703147,54.1030761824989,-3.141592653560416,777.69729575021
图2-3.jpg,33,3.4294821377822022,31.696974576664367,-3.1415925510130855,821.9841537732615
图2-3.jpg,34,0.45013942329819895,9.74207417501885,-1.4894167146540107,818.6451918250823
图2-3.jpg,35,1.0641030543468293,28.843809169236053,3.1415926535897336,846.915026985468
图2-3.jpg,36,1.0820820314093633,52.4905426983143,-1.940466707851991,879.9789467437565
图2-3.jpg,37,7.940401604455483,107.60592157183062,1.9492660765329983,928.9842721533978
图2-3.jpg,38,31.825970272102577,147.37131240534515,3.1415926535897127,1036.9956448880735
图2-3.jpg,39,0.20767422103387592,7.2430034104685745,3.1415926535895564,1025.8949181945934
图2-3.jpg,40,38.10826526723213,138.40750779639933,-1.4357768730468898,1155.6877614261145
图2-3.jpg,41,1.9014055515920671,5.048528166414501,3.1415926535897687,1077.6513485697153
图2-3.jpg,42,3.6099163096458495,9.778169278513596,3.1415926535897327,1079.0308070138967
图2-3.jpg,43,1.2748842992654614,10.665198829674402,-3.1415926534228875,1082.3241126899318
图2-3.jpg,44,1.5267860768620465,10.70014128810487,3.141592653565073,1096.7804919804446
图2-3.jpg,45,2.8799089458004645,4.038157577077755,3.1415926535897927,1098.9375568399396
图2-3.jpg,46,1.4660482033949163,9.160992181162992,3.14159265358976,1100.5811013879827
图2-3.jpg,47,1.425358660309424,6.311261611389218,3.1415926535897105,1106.720543391764
图2-3.jpg,48,1.0165503967580445,17.42245339116939,3.1415926494605064,1150.6226386176363
图2-3.jpg,49,6.0781829202073785e-05,3.9127965232064854,-3.011967541510386,1160.0000000358218
图2-3.jpg,50,0.7771997622686755,25.80680320780573,-3.141592653589786,1217.807092817871
图2-3.jpg,51,9.56896685517528,140.2205288197061,3.1415926535895786,1317.02170246685
图2-1.jpg,1,217.33918902476958,167.00580997777922,-0.45527105099066023,519.0869301007449
图2-1.jpg,2,21.33595534687476,1.9999999996321267,-0.046886416292398626,18.4999999999979
图2-1.jpg,3,0.43626813013507343,4.922790622684816,-3.141592653589455,27.104982631212337
图2-1.jpg,4,0.15765978350454163,5.132875127117742,3.1415926535897927,23.96484895406883
图2-1.jpg,5,0.9484838365253708,6.119221144951979,3.1415926535897927,50.750294817622205
图2-1.jpg,6,4.032058285704903,2.0000000015959616,0.09936836288339387,52.60000000008699
图2-1.jpg,7,2.489362190139623,3.0403626192369058,3.1415926535897927,66.39848000115845
图2-1.jpg,8,15.97596713094115,1.9999999999783435,-0.059648717137019136,118.3809523809276
图2-1.jpg,9,1.3194253188781215,11.214944909791567,-3.141592653589769,137.38740613799098
图2-1.jpg,10,2.156094650199355,9.514644935455804,-3.1415926526118407,152.74508621674232
图2-1.jpg,11,2.2457239062630667,1.9999999877787331,-0.11155382584173847,156.74999999999477
图2-1.jpg,12,9.005460165618022,2.000000000000003,0.12369714287747235,164.88888888888889
图2-1.jpg,13,2.278405028800505,6.138646561628866,3.1415926535897927,170.0550011358473
图2-1.jpg,14,3.5063202955673987,2.967907118310481,-3.141592653589785,177.94498230052258
图2-1.jpg,15,0.18169018379984694,3.779245231781964,-3.141592508403337,182.58363935943544
图2-1.jpg,16,24.395360449889278,1.9982134506936071,0.03543398254189885,208.56825924513043
图2-1.jpg,17,1.5551432510609506,9.304771884188272,3.1415926535584737,192.18480240936128
图2-1.jpg,18,0.14186097574925385,4.912275674557508,-3.1415926535897705,200.7785403206008
图2-1.jpg,19,2.284854596188517,30.236510419372323,3.141592653589775,207.0634334607405
图2-1.jpg,20,1.8165715582546724,7.175161563403738,3.1415926535897927,213.54140128049082
图2-1.jpg,21,1.7221003800643846,12.829145918366791,3.1415926449926554,219.36112191422023
图2-1.jpg,22,0.4360029180266049,4.076324452563685,3.1415926535895813,222.76604521645515
图2-1.jpg,23,3.0832711126704746,2.000000000000021,0.5080749926523446,223.5
图2-1.jpg,24,2.1821225409367444,7.703508543563465,-3.141592653577969,227.4622755640744
图2-1.jpg,25,0.013910640700716216,0.1357839498589446,3.134577934455625,305.0132576059303
图2-1.jpg,26,3.254268265547363,14.024322461076052,3.1415926535896297,247.2479446921926
图2-1.jpg,27,13.79172960233706,40.7181842986447,3.1415926535643677,265.9636983529267
图2-1.jpg,28,3.3735779563080914,14.538433789428092,3.1415926061576416,275.7882770654674
图2-1.jpg,29,5.095706207807141,12.731401430104576,3.141592653581512,284.417174502077
图2-1.jpg,30,1.0,2.0,0.0,295.0
图2-1.jpg,31,2.0879532109868255,2.0000014945498945,-0.11945026169470493,301.25000000846296
图2-1.jpg,32,2.1072352614895506,5.195620795657421,3.141592653589387,308.1566887621248
图2-1.jpg,33,1.9425489913596423,9.576663643588766,3.1415926535135976,318.5795878736737
图2-1.jpg,34,2.75561816260355,11.957465956834085,3.141592653589162,321.9069443419979
图2-1.jpg,35,1.2320322227781604,8.16906326802749,3.141592653578296,329.7622749172974
图2-1.jpg,36,1.0621366523275648,6.326333767077087,3.141592653224702,332.9542731655791
图2-1.jpg,37,2.876412319277337,5.833208661462692,-3.1415926535897927,341.71986841005474
图2-1.jpg,38,1.076801287214102,8.241501494397493,3.14159265358979,342.2411967719248
图2-1.jpg,39,1.9378246629412212,1.9999998643789965,-0.1293711417430322,353.2499999930629
图2-1.jpg,40,0.9686440578596827,2.999999203396332,2.2093091617380285,355.8888888781524
图2-1.jpg,41,0.09777034821577593,4.671200295596953,-3.141592649899365,369.0723739576338
图2-1.jpg,42,0.8386938739486398,2.9359905030764555,-3.1415926527325064,369.3584158183033
图2-1.jpg,43,0.9175090130011194,5.04425741774038,3.1415926535897927,389.95006255779225
图2-1.jpg,44,1.3472128701883788,4.140724278362555,3.1415926535897927,404.6099488729667
图2-1.jpg,45,0.61405234600116,8.121886374788271,3.1415926532430927,438.04374881751414
图2-1.jpg,46,2.590488106405334,1.9999999999893625,0.09665734327405975,447.74999999999994
图2-1.jpg,47,1.2659952628486648,7.670195593284709,3.14159265358609,461.36006698323496
图2-1.jpg,48,4.635089124343365,26.938504322100528,3.14159265358049,494.8034682166593
图2-1.jpg,49,1.1481478774519223,7.346657916323372,-3.141592653588754,481.5477817620564
图2-1.jpg,50,3.000751601393705,7.168647337981354,3.1415926535897927,483.73411442683675
图2-1.jpg,51,0.1946097681085078,3.0098958545471337,3.1415926535893224,538.4911187494265
图2-1.jpg,52,5.985231917152031,2.0000000000048908,-0.041781630840601186,548.2499999999748
图2-1.jpg,53,3.517747671841914,5.134721782623246,3.1415926535897927,560.8633567446647
图2-1.jpg,54,4.007586755269277,2.000000000000031,-0.06242221028806015,575.75
图2-1.jpg,55,579.1875185169424,252.99060659733098,1.5087072103230785,1.7928349080927747e-09
图2-1.jpg,56,1.2002969274522621,7.015345837144953,3.1415926535897927,606.8971270680281
图2-1.jpg,57,1.7014654920484897,7.116533902478706,3.1415926535897927,616.4357860943694
图2-1.jpg,58,1.1948807003912705,6.112080326952159,3.1415926535897927,628.0063699783809
图2-1.jpg,59,4.086964822365441,2.000000000000429,0.061208300406203224,653.2499999999983
图2-1.jpg,60,0.5976273056514413,4.212627724586094,3.141592653589086,663.4946506253276
图2-1.jpg,61,1.5748294762184594,8.246844050725196,3.141592653587426,667.5617223497532
图2-1.jpg,62,1.5070597871385476,7.148987430945547,3.141592653589781,672.8252109792638
图2-1.jpg,63,2.645945292453728,10.183774131497104,3.141592653589694,687.9439281050603
图2-1.jpg,64,0.7350566177150469,6.010636210659036,3.1415926535897465,701.4093126960694
图2-1.jpg,65,1.598276964977847,8.036580862866582,3.141592653589746,716.3355449867933
图2-1.jpg,66,1.9447399862238097,2.0000009862113464,-0.12864326124660483,717.2500000003661
图2-1.jpg,67,2.473279978423673,5.368276735565064,-0.39254721294531486,734.1543714507438
图2-1.jpg,68,2.0055334068417405,10.543683230952439,3.1415926535897607,761.2869453476299
图2-1.jpg,69,0.1787180747077331,5.32399912041971,3.1415926292328638,781.2864625222297
图2-1.jpg,70,2.7749443050882516,11.022335580812463,3.1415926535897927,801.1307497938742
图2-1.jpg,71,5.3277434063991675,2.7460990908103002,-3.1415926535897927,817.7448541348704
图2-1.jpg,72,3.056785744589354,7.042443287940341,3.1415926535897927,837.8619408827759
图2-1.jpg,73,0.9991079807613993,24.019304966690793,3.1415926535243224,852.9237658135232
图2-1.jpg,74,0.6868962334277747,11.39885218870616,3.141592653589788,852.1970321137609
图2-1.jpg,75,0.3234169005961353,4.050357978110586,3.141592527579546,855.1301145304755
图2-1.jpg,76,1.042729498191183,4.025874983361448,3.1415926535892598,862.0699359226778
图2-1.jpg,77,10.237630709773148,5.342717644011411,3.1415926535897927,892.571447350164
图2-1.jpg,78,0.7780827228068746,19.511367117421486,3.141592653588711,886.531580969308
图2-1.jpg,79,1.6259431012657983,15.606450267360815,3.1415926535897927,886.2551257057132
图2-1.jpg,80,2.495426337980558,8.167644051921272,3.1415926535896097,908.0442277454088
图2-1.jpg,81,4.626133984007715,16.328084758789963,3.1415926535897927,924.6663894652196
图2-1.jpg,82,2.909604124748248,9.191084840421087,3.141592653566577,958.944385817256
图2-1.jpg,83,1.7716483370701963,10.983939544801476,-3.1415926535897323,937.9987924495945
图2-1.jpg,84,0.0002700249900320621,7.220008809638167,3.1299850460585215,936.0000844096849
图2-1.jpg,85,1.3007441070852142,3.0189614082150102,3.1415926535895977,978.7491566614967
图2-1.jpg,86,0.44334794805759914,6.331636417500215,0.3469095099333177,984.2184538413024
图2-1.jpg,87,1.3774676101895431,2.917677052318402,3.1415926000564496,994.3740241345405
图2-1.jpg,88,1.9112238682290172,1.9999999999994142,-0.1311821592517838,995.25
图2-1.jpg,89,38.26115622868081,2.0000000000000075,0.015402279293239826,1024.2678571429
图2-1.jpg,90,33.38444721723204,9.794273857727234,-1.842126121347137,1164.083103715987
图2-1.jpg,91,9.003603494564008,1.9911983025029003,-2.076072091034234,1125.1875090398319
图2-1.jpg,92,0.7328014104004005,14.455172189318908,3.1415926517669615,1200.170966725349
图2-1.jpg,93,23.117978246869686,17.771459584804823,-2.5414677297473593,1310.2965449478672
图2-1.jpg,94,1.5317226697927426,7.17004388969138,3.141592653589696,1255.594771976822
图2-1.jpg,95,1.1132157947519574,40.636972448063645,3.1415926535897927,1347.4671528173574
图2-1.jpg,96,0.23063256693396472,9.42898172085007,3.141592652830784,1348.5968986839032
图2-10.jpg,1,51.383385620182594,289.8787632050891,3.1415926535884044,653.958563551901
图2-10.jpg,2,2.120444097052669,9.433444942545025,3.1415926535897913,25.67566077892754
图2-10.jpg,3,1.5735264543344951,9.796865535647171,3.1415926535894423,37.682499788129775
图2-10.jpg,4,0.10348128617870597,2.980036287203343,-3.1415926534934044,84.58727159154522
图2-10.jpg,5,0.3807328801615916,2.976890761493293,-3.1415926372588325,118.80487432923863
图2-10.jpg,6,0.16113038564245175,2.967353063564251,-3.141592653589783,120.52121166025492
图2-10.jpg,7,26.832598151887588,2.0215882908653406,3.0448526438416734,131.11660568989674
图2-10.jpg,8,2.47973893531114,8.915666287481391,-3.1415926535897927,188.4331023466649
图2-10.jpg,9,0.5632786906757504,7.090379361366816,3.141592653589788,199.50791671801574
图2-10.jpg,10,0.6713445250660054,8.810996530051296,-3.1415926535897913,200.97103937637553
图2-10.jpg,11,3.1545591830216533,20.54261955280675,-3.1415926535897927,215.4391674513251
图2-10.jpg,12,4.853559938404716,20.241166174343366,3.1415926535805045,230.24801862381682
图2-10.jpg,13,2.770035954885084,6.0212501827110625,3.141592653382943,224.88031789548782
图2-10.jpg,14,4.429900053782842,6.238737305653482,3.1415926535897927,244.2097556990623
图2-10.jpg,15,11.676285773832632,44.51727480381137,3.1415926535897927,300.0714889473914
图2-10.jpg,16,3.568918603408091,16.690587869315138,3.1415926535897634,282.39795448336145
图2-10.jpg,17,7.2772982685124825,34.63290325773628,3.141592650724629,288.71807090092267
图2-10.jpg,18,2.8888054522305793,2.0000032203361,-0.0857028162502407,304.250000097988
图2-10.jpg,19,2.826809394156396,6.060509412855146,3.1415926535831336,309.46306173007116
图2-10.jpg,20,1.3580020580813843,9.791608846427724,3.141592653589789,318.9325989637592
图2-10.jpg,21,1.539062612511986,5.765620350384038,-3.1415926535897927,322.0065245986673
图2-10.jpg,22,7.554887717037503,1.9860491127352944,-3.1336442423024873,320.33331304027496
图2-10.jpg,23,6.7669466938935505,1.992183356547321,-1.4360670427394893,331.3749889152237
图2-10.jpg,24,0.37753699581449707,2.993627564447573,-3.141592653528808,330.3844524316499
图2-10.jpg,25,2.812659833100816,9.649210893794637,-3.141592653589773,336.6965174978737
图2-10.jpg,26,4.729396133911189,21.750631340873994,3.141592653260291,348.83473816292184
图2-10.jpg,27,44.34927810251502,1.9892907432701847,-2.6468253334624126,353.3750268172272
图2-10.jpg,28,0.8759231744452166,3.9826056170892348,-3.1415926535568977,357.61792579818734
图2-10.jpg,29,15.239390903293804,58.30866914815259,3.141592653589789,391.04953293845074
图2-10.jpg,30,0.2982998721475352,2.9468396324411184,-3.1415924141626492,367.0609568540862
图2-10.jpg,31,1.60308682783234,5.103441282227049,3.141592653563331,377.45385326805615
图2-10.jpg,32,0.3092126789702931,2.9099611376759866,-3.1415926535725003,397.05913036989546
图2-10.jpg,33,1.589853998375824,4.076130767653736,3.14159265358872,416.096026982243
图2-10.jpg,34,1.7500447338480596,2.006458480665905,-0.05395093270971106,418.7500447391092
图2-10.jpg,35,2.6257011834737813,1.9999997775879246,-0.09535591507878147,436.7500000231911
图2-10.jpg,36,1.99942370062892,2.0000019114810077,-0.12497484031394193,437.25000003653605
图2-10.jpg,37,1.2448818342977213,3.034851392482403,3.1415926535897927,436.2081457413583
图2-10.jpg,38,3.7452874387718373,6.393802355283665,3.1415926535897913,441.3608720058874
图2-10.jpg,39,3.339175821293777,7.006777746525823,3.141592653589722,451.6260849027662
图2-10.jpg,40,1.0793276963130245,2.9825383861194035,-3.1415926535897927,451.5497264576775
图2-10.jpg,41,2.1975644759195503,8.032774366408026,3.1415926533933685,454.0718549139923
图2-10.jpg,42,3.127178683975829,4.024804076609918,3.141592653589629,456.75008231711456
图2-10.jpg,43,4.466592956676845,18.079235341042946,3.1415926535897927,471.1165889139115
图2-10.jpg,44,10.662877611583077,33.80700001433536,3.141592653589789,497.8448660066019
图2-10.jpg,45,3.806289808496283,10.116625435802044,3.1415926535897434,503.1205972502224
图2-10.jpg,46,0.2524567657443977,4.052918281572113,1.2859035776826917,502.60721219088333
图2-10.jpg,47,4.110291654155319,15.004039956189473,3.1415926535897927,531.3294092185457
图2-10.jpg,48,2.668618951529516,5.412960689659015,3.1415926535897927,533.359225530441
图2-10.jpg,49,0.27953546130167706,5.135724001629408,3.1415926535897927,541.3062067031243
图2-10.jpg,50,1.5658899792198058,36.336966849402145,3.1415926535878915,562.2257211440958
图2-10.jpg,51,2.7094721884762625,7.0425042929586725,3.1415926535897927,572.9315109256858
图2-10.jpg,52,2.286198613105692,18.14580186875233,1.708430272326778,593.6059326249825
图2-10.jpg,53,4.839360227698121,9.073323664318345,3.1415926535897927,599.8131026454791
图2-10.jpg,54,1.16511252232231,3.531355448367413,3.141592649357499,601.7663555503518
图2-10.jpg,55,3.2938922282478034,5.708954404915218,3.1415926535890737,641.5217326089465
图2-10.jpg,56,2.400205248244817,1.9999999999479052,0.10434700698168171,655.2500000000001
图2-10.jpg,57,14.148782038030287,38.67745505128046,3.1415926535897927,716.2608069744125
图2-10.jpg,58,2.0994809389812223,2.000000000000014,-0.11936026819516295,753.25
图2-10.jpg,59,1.5,2.0,0.0,753.5
图2-10.jpg,60,3.266370396939483,1.9999999999985518,0.07661247705771013,764.25
图2-10.jpg,61,6.408994008695097,13.183737051775543,3.1415926535897927,791.9891285430139
图2-10.jpg,62,1.1340566776389676,4.048424629717369,3.1415926535897927,785.4168065797304
图2-10.jpg,63,0.19606717185708314,4.728931513896233,-3.1415926535389533,787.0810246150153
图2-10.jpg,64,0.1979081005314794,5.357513647730564,-3.1415926372050778,791.8085171049172
图2-10.jpg,65,7.86878844070976,33.108639273822796,3.1415926535897927,803.1574999729196
图2-10.jpg,66,12.401977785615752,44.07182503411142,3.1415926535897927,838.7670310886756
图2-10.jpg,67,0.6206482560538649,2.9730753283618054,-3.141592653589758,829.4993939849217
图2-10.jpg,68,2.0625035870812756,10.575439790615539,3.1415926535897802,830.6732323353547
图2-10.jpg,69,2.8259691946983656,7.114635827530971,3.1080435300441773,836.7644283418189
图2-10.jpg,70,4.627057615435538,12.112185192314683,3.1415926535897927,852.3921043180571
图2-10.jpg,71,2.7158814325084477,1.9999999999999887,-0.09218164274840589,854.25
图2-10.jpg,72,8.091340987921706,20.206926588500895,3.1415926535897927,867.7006459570614
图2-10.jpg,73,4.496722053029127,12.845658450792241,3.1415926535897825,870.646681829433
图2-10.jpg,74,5.052943536923006,12.310868760066768,3.1415926535897927,875.7205496192776
图2-10.jpg,75,6.02798634541429,26.98240626019567,-3.141592653589752,901.3947929861735
图2-10.jpg,76,0.00015977051582750356,3.035678785771572,1.5274053425624752,894.0000352763262
图2-10.jpg,77,4.436724215383579,15.002835481783391,3.1415926535896186,912.0293275725176
图2-10.jpg,78,0.886419396016055,8.154123082037616,3.1415926535897505,909.772188287936
图2-10.jpg,79,1.294910772082588,4.196593880816795,3.1415926535897927,912.9026406440057
图2-10.jpg,80,2.1854465902285485,8.41138806838412,3.1415926535897922,918.3610351143004
图2-10.jpg,81,0.42391123849815476,3.918079969438717,-3.1415926535897847,927.9087158359583
图2-10.jpg,82,3.2495250436547267,5.284119116204366,3.1415926535889214,928.0611495037805
图2-10.jpg,83,5.241298269451278,14.211545928045545,-3.141592652371349,943.1454722610501
图2-10.jpg,84,2.4138111980975863,4.008088292889663,3.14159265357154,938.8286010785068
图2-10.jpg,85,0.3535533717275637,3.9999874926555523,0.7849216042938113,959.7500006320506
图2-10.jpg,86,13.623280900032972,55.29931536718686,3.1415926535897913,1000.6437560571159
图2-10.jpg,87,1.2388245489689138,5.046238080505689,3.1415926535896537,971.7922981206057
图2-10.jpg,88,3.362192573931514,8.571147845746088,-2.013350116251045,1026.2655708364066
图2-10.jpg,89,4.498400472000412,31.571221165876945,2.8137152005185815,1073.1521303319105
图2-10.jpg,90,0.15869875600486727,7.523057139515585,-2.4508752726316536,1071.9319451334989
图2-10.jpg,91,4.6168399924648975,53.765614366051196,3.1415926535894565,1088.4457365022993
图2-10.jpg,92,2.0418266409842962,8.42646669446151,3.1415926535897927,1080.9186307480445
图2-10.jpg,93,0.6676375136865593,7.120746908155587,3.141591855590818,1103.118289252544
图2-10.jpg,94,1.811094172640667,14.223409420094884,3.1415926535897927,1113.4551960539393
图2-10.jpg,95,12.157531124957957,33.43917190843734,3.1415926535897913,1155.0314129879448
图2-10.jpg,96,8.109868214100295,2.00000000000891,0.18603100875005324,1141.5000000000095
图2-10.jpg,97,3.0178080030698764,13.531433860371271,3.141592653589767,1185.4464211246766
图2-10.jpg,98,0.919980038438084,9.812015635425375,-3.1415926535897927,1184.9498671678252
图2-10.jpg,99,3.2702536492057357,9.089002099697606,3.14159265358692,1206.6558574620549
图2-10.jpg,100,2.0841544361040523,6.142708228045117,3.1415926535897913,1205.3139779622882
图2-10.jpg,101,3.771212627670623,9.145194221771069,3.141592651403708,1223.7464123830948
图2-10.jpg,102,0.6894247355474263,4.304106413991757,-3.141592644953939,1277.0084638942324
图2-10.jpg,103,0.2593906411640865,4.947787686760568,-3.141592653589792,1288.968817104883
图2-10.jpg,104,2.806205789681318,2.0000000092384487,0.08920772908931682,1301.2500000088571
图2-10.jpg,105,0.5129407493805376,4.057666891747714,3.141592653589622,1305.5992932914949
图2-8.jpg,1,2.487621193633,6.9812083135285485,-1.9245176335170497,5.74175086489176
图2-8.jpg,2,0.3853633029271353,6.974733483578393,3.1415926535292957,7.578812798645991
图2-8.jpg,3,1.1003015831837581,6.856639665487043,-3.1415926535897754,7.119833646047294
图2-8.jpg,4,0.4881483256672784,5.95465255706408,-3.1415926535896226,7.410855085617978
图2-8.jpg,5,2.7667192623851387,6.044875140056596,3.141592653589528,6.834565835439602
图2-8.jpg,6,1.0309161272755731,2.9582171366094214,-3.1415926535893512,149.95919642131426
图2-8.jpg,7,6.008312303324803,22.70253964972084,3.141592653589139,167.29837139251808
图2-8.jpg,8,38.85864242259827,65.78912540429845,0.8006779663749651,268.6285286760358
图2-8.jpg,9,18.99579737025541,2.0126492370740765,3.0856268850183395,193.39580693584568
图2-8.jpg,10,0.03141997524391107,0.02604379239161414,2.8619173144441716,307.28620529071287
图2-8.jpg,11,5.833865795831185e-05,3.911061192601987,-3.025709548336456,308.0000020422402
图2-8.jpg,12,51.57365258419072,97.1977421563598,3.1415926535897927,494.45429505299404
图2-8.jpg,13,2.9780197851790953,2.00000047446761,-0.08397197506207393,408.2500000331328
图2-8.jpg,14,1.970983638891397,2.9813131676082696,-3.1415926535886873,426.8395364170277
图2-8.jpg,15,1.2031305628852689,4.030111121290116,3.1415926535833614,462.7905442287883
图2-8.jpg,16,2.1584736771040185,2.0000015176755244,-0.11582945432534839,461.25000003788574
图2-8.jpg,17,0.7750288485787215,2.9568548828828862,-3.1415926535897927,480.9308485313697
图2-8.jpg,18,3.490191865496408,19.476612393694303,-3.1415925928493604,500.7042788358202
图2-8.jpg,19,2.8615552217130595,1.9999999999990268,0.08747660091012889,491.2499999999097
图2-8.jpg,20,2.573067613669748,5.092349604762499,3.1415926535816014,529.2459874257906
图2-8.jpg,21,1.1070719875269,5.170572446275657,3.141592653095747,531.3603319976814
图2-8.jpg,22,10.0075851784864,6.214384285108056,3.1415926535534746,559.2132469051228
图2-8.jpg,23,4.540893547674541,10.981929480179641,3.141592653589768,559.0926375464855
图2-8.jpg,24,0.8644497284109209,5.055621660129194,3.141592653589742,559.5009080735629
图2-8.jpg,25,4.8362501842966665,1.9999999992911408,-0.29728635511195456,567.0833333333363
图2-8.jpg,26,5.420468304964726,14.182396254934968,3.1415926535670393,599.6169123962758
图2-8.jpg,27,1.994920716071758,2.765577155310052,-3.1415926535897927,588.3740180591312
图2-8.jpg,28,4.259257639185681,5.034661407249964,-0.23262862976653564,592.3876432835895
图2-8.jpg,29,1.1381116104452134,10.322772595700432,3.1415926535897425,595.5772007101004
图2-8.jpg,30,3.6012812978388915,2.000000032351747,0.09269349854998789,604.6666666606742
图2-8.jpg,31,5.753272832631596,31.80326001796376,-3.14159265358976,670.7346740351041
图2-8.jpg,32,2.315647210025944,4.61908299112072,-0.3143241390906525,674.1086035630941
图2-8.jpg,33,8.84206837687673,2.019032112041898,-0.2718741446847042,688.8744244015837
图2-8.jpg,34,2.6418558306126068,13.992868757674026,-0.2677390076992353,718.4881278290808
图2-8.jpg,35,4.535219151061959,8.663233757380695,3.1415926535894925,738.2761508828742
图2-8.jpg,36,1.436223607743496,3.9695954527939152,-0.06886660760741962,747.7763709252185
图2-8.jpg,37,45.974591189569736,119.3348603289915,3.1415926535897927,828.9322414051155
图2-8.jpg,38,0.7513439988949934,2.987199856680292,-3.141592653174975,776.9179550527518
图2-8.jpg,39,0.3163194153167068,4.048497681721815,3.1415926296679415,814.1899252320326
图2-8.jpg,40,41.284451026491446,33.177480828435925,1.3191692176569976,883.9757509441397
图2-8.jpg,41,2.7437275316520235,2.9689197440376884,-3.1415926535885794,835.9303529481722
图2-8.jpg,42,27.674751458665654,8.210590668183839,3.14159265358976,965.5577195254026
图2-8.jpg,43,2.3940976715154814,2.9577289514339817,-3.1415926535897927,928.100331685705
图2-8.jpg,44,1.2699655063716284,10.216094258597222,1.6033558761971887,988.9041378004207
图2-8.jpg,45,0.8078511739752302,8.025502159412449,3.1415926535890413,1000.1114909263275
图2-8.jpg,46,1.859619792719042,3.0051550812289127,3.1415926535897927,1052.8504056043064
图2-8.jpg,47,2.022254439801754,6.040179626854601,3.141592653589579,1057.92700692246
图2-8.jpg,48,0.7003953552688569,5.0441693133706105,3.1415926535897745,1092.4684216872329
图2-8.jpg,49,1.0453190110210928,2.9398315283394467,-3.141592652969861,1123.3947712372549
图2-8.jpg,50,1.643852321786186,5.115774920275375,3.14159264654471,1145.3741016041238
图2-8.jpg,51,28.864652893749767,29.699855933713295,3.141592653585525,1207.695306638234
图2-8.jpg,52,22.698791469619252,42.275221121852084,3.141592653588341,1217.726064560919
图2-9.jpg,1,567.4966020700728,629.9508757635006,0.23630445372013323,7.531785120376013e-09
图2-9.jpg,2,1.0930230854613108,5.300489434091051,3.141592653589792,3.9699921231716853
图2-9.jpg,3,2.069657514024856,39.24043630189807,3.1415918335724777,31.924414832251394
图2-9.jpg,4,0.7421468237546097,19.097985803414744,3.1415926535895915,14.221295690155145
图2-9.jpg,5,3.5360596867030805,9.314231327687825,3.1415926535895085,22.78765768926888
图2-9.jpg,6,0.6447758980599815,2.881166664562585,-3.1415926533671303,24.087230146436532
图2-9.jpg,7,2.6451739914624697,10.123059315994754,3.1415926535897927,39.84965622727371
图2-9.jpg,8,3.6988845120860163,32.946574556129065,3.1415926535897403,62.10655563482547
图2-9.jpg,9,1.5673139626762678,5.217099605480037,3.1415926535801617,70.98313730886875
图2-9.jpg,10,1.2438817484719373,3.9808350969116857,-3.141592653589792,68.94089162987581
图2-9.jpg,11,4.365898515265623,10.383644017470933,3.141592651463325,81.62590842903649
图2-9.jpg,12,1.0806030159934792,1.9999969453625852,0.23243202217337497,78.25000001936539
图2-9.jpg,13,2.4600062563147373,6.590167220112129,3.1415926535897594,79.92881110398149
图2-9.jpg,14,4.366303710199748,12.391154136896649,3.1415926535897927,84.33636097349564
图2-9.jpg,15,1.330802932053041,18.31712390240758,3.141592653589788,89.48096043643955
图2-9.jpg,16,1.764808898050945,24.308872386798928,3.1415926535897265,113.93044699959641
图2-9.jpg,17,2.7475189400048228,1.9999998056944395,0.09106614046112357,123.25000000462805
图2-9.jpg,18,3.1811578716455067,12.465568602588556,3.1415926535897927,128.67233490491788
图2-9.jpg,19,2.6520309719386725,6.7222964441156465,3.1415926535897927,129.72232307660872
图2-9.jpg,20,55.654063918528536,93.67536700280324,3.141592653589789,303.06400716164916
图2-9.jpg,21,2.436839261895806,8.734788545301106,-3.1415926535897927,141.96669103666682
图2-9.jpg,22,5.562118951991971,10.697589881423191,3.14159265358979,156.87321778724524
图2-9.jpg,23,1.5742566222945085,5.967541346729521,3.1415926535897927,158.5703514735099
图2-9.jpg,24,5.481993286953134,22.60841303550247,-2.398984568107187,185.5759337305742
图2-9.jpg,25,1.6070984401026924,7.184059702079971,3.1415926535853194,178.56721604702622
图2-9.jpg,26,8.767252570957403e-05,6.741524010048728,-3.0736081507642727,188.9999433896881
图2-9.jpg,27,3.2139072405467606,30.15571796084163,3.1415926535567746,232.9014129576694
图2-9.jpg,28,2.021060353870673,13.053670265052244,3.1415926535890732,238.98103471131384
图2-9.jpg,29,4.301345132552825,8.034006413790454,3.1415926535897927,256.06268688631195
图2-9.jpg,30,1.8916660118497912,6.105027137152719,3.1415926535895573,248.44032078579204
图2-9.jpg,31,0.9994634513127164,6.135436547246192,3.1415926535809695,257.4322724844872
图2-9.jpg,32,10.156957908508694,1.9844495377955114,-1.8586604881534126,256.87498105959037
图2-9.jpg,33,3.807869174456282,26.131195438074432,3.1415926535891336,278.134994739414
图2-9.jpg,34,0.2977640519209278,11.243908994094788,-1.2245705235613333,272.2303996327833
图2-9.jpg,35,3.295586007064787,6.343360103490557,3.1415926535897927,293.5544067434638
图2-9.jpg,36,3.2141878714155934,2.7355582489435006,-2.734228155437874,304.71807694644536
图2-9.jpg,37,1.1254948360467598,5.0888141099064175,3.1415926535897927,303.2164475345982
图2-9.jpg,38,6.501430807272351,2.00739202874115,1.7638652195809275,315.0357823985825
图2-9.jpg,39,1.054341996637668,3.0275677975501774,3.14159248124977,318.0478580905428
图2-9.jpg,40,2.8116910440061678,21.982884216515547,3.1415926535897927,322.53616620360543
图2-9.jpg,41,1.2406912821496994,5.077104215619549,3.1415926535897927,352.88344700991206
图2-9.jpg,42,5.278433579914841,2.000000000000781,-0.047380261065404085,367.25000000000006
图2-9.jpg,43,2.407912283512921,1.9999986330935444,0.10368500866118788,372.25000001735754
图2-9.jpg,44,0.37971118618990723,5.699194350753956,-1.712343919680665,392.16518208378653
图2-9.jpg,45,1.051689845755817,3.963212367786999,-3.1415926535897927,411.9830974140143
图2-9.jpg,46,4.670544630816422,5.057554418065262,3.141592653589789,412.3014183021947
图2-9.jpg,47,2.30546241930715,16.095072861518382,3.1415926530863696,421.1732514563103
图2-9.jpg,48,7.781466764719025,21.99372122522439,-1.3500330606458788,424.22218208232914
图2-9.jpg,49,11.132651321991396,2.1596876682347244,0.45413923780086674,422.1162287476712
图2-9.jpg,50,1.1685013015004642,6.036151538566146,3.141592653589738,425.00458162957045
图2-9.jpg,51,46.35443392856111,49.9340386737822,3.1415926535896004,504.76188651514167
图2-9.jpg,52,3.1355790456103465,12.84185593790137,3.1415926535897922,437.4483324339073
图2-9.jpg,53,10.196552447627473,16.065621295960064,3.1415926535897927,447.23871351791746
图2-9.jpg,54,2.374360582229964,8.237388841945391,3.1415926535897927,452.0855550990561
图2-9.jpg,55,3.044344628083371,8.123477063128727,3.1415926535897767,457.2259876795941
图2-9.jpg,56,2.571627283248424,4.297717107088972,3.1415926535844374,465.58819326642777
图2-9.jpg,57,0.3278429714992072,3.8737279132630005,-3.141592653589783,463.2410103874739
图2-9.jpg,58,0.7603231602774818,4.412108347784719,3.1415926535897927,468.62431768571815
图2-9.jpg,59,4.1924929575833465,19.47125310277379,-1.9269815895989995,474.9023390971066
图2-9.jpg,60,2.729096297927302,7.181358311702971,3.1415926535897927,473.512591382795
图2-9.jpg,61,2.803392708026489,2.0000000000060973,0.08929628534279647,485.2500000000077
图2-9.jpg,62,3.0382140674230054,8.193225274917337,3.1415926535897922,498.65467659145304
图2-9.jpg,63,11.474127869571515,27.41248714765428,3.1415926535897927,515.8525590591845
图2-9.jpg,64,1.6305982884187284,2.876378982708628,-3.141592653589791,525.7944818837427
图2-9.jpg,65,37.4731951364171,77.43419067287061,-3.1415926535888494,963.3414780977977
图2-9.jpg,66,1.2033888896064258,6.7233227859020275,3.1415926535897922,569.1664648646225
图2-9.jpg,67,2.605456958487425,6.12992781283477,3.1415926535897785,592.5433172694501
图2-9.jpg,68,0.5957309429459192,8.863458198638378,-3.1415926535897674,614.9267945678147
图2-9.jpg,69,1.2863903758429691,4.999959763164648,-1.5708361838030072,619.3975025381587
图2-9.jpg,70,2.51210536485773,5.077994995200768,3.1415926535897856,626.1471572760508
图2-9.jpg,71,1.864285302432283,4.0778607277504015,3.1415926535897922,630.7499653483352
图2-9.jpg,72,2.56442484742251,10.771619626198174,-3.1415926535635768,651.1014539145252
图2-9.jpg,73,3.407557562754092,1.9999978341302953,-0.025160892441842088,646.416666626902
图2-9.jpg,74,3.94401947317791,17.916161575043642,3.1415926535897927,681.9963117608181
图2-9.jpg,75,2.0127849912196494,1.9999999760571647,0.12452167194737286,682.250000009955
图2-9.jpg,76,0.31023238642345635,2.9068995892675797,-3.141592653543259,685.9412115866853
图2-9.jpg,77,1.703519370830077,6.473773334146057,-3.141592653589772,699.4716214545759
图2-9.jpg,78,2.022913622977636,5.101251057150614,3.141592653557803,704.8000513497061
图2-9.jpg,79,0.31562366412350973,2.98037922831207,-3.141592653589787,702.9559091089184
图2-9.jpg,80,6.109996413511122,24.620166180861986,-3.1415926478600253,716.9812267203549
图2-9.jpg,81,2.2109949524487065,7.019616758167365,3.141592653577498,717.1135726773632
图2-9.jpg,82,2.827014394800956,18.564568053610127,3.1415926535897927,720.0311896095434
图2-9.jpg,83,8.057459558564052,1.9804373079612474,-1.587832247437762,743.2916566336141
图2-9.jpg,84,5.897933899572123,9.119745797674787,3.141592653589438,756.8166305775092
图2-9.jpg,85,0.5879425288811411,3.000069333300255,-1.8931379100526,752.5555453650842
图2-9.jpg,86,4.302968119277703,15.431013038248494,3.141592653568296,779.9917858038091
图2-9.jpg,87,5.108595250821606,13.318602626706916,3.1415926535893317,809.239355272171
图2-9.jpg,88,9.047426171882796,28.326028442489353,3.1415926535340755,827.4297153193605
图2-9.jpg,89,4.55834594530108,20.359344749838215,3.1415926530751337,864.5143845445682
图2-9.jpg,90,1.632109647387715,5.02760128819093,3.141592653589619,845.4159611982849
图2-9.jpg,91,5.0,0.0010000001,0.0,856.0
图2-9.jpg,92,0.4191185420653147,3.0908096014310114,-3.1415926535897927,864.9447651296721
图2-9.jpg,93,2.634719306722765,16.85018077756625,1.5555057310371039,878.8348027293979
图2-9.jpg,94,8.064005808801202,66.09346132784054,3.141592653589791,890.5236963495513
图2-9.jpg,95,1.819718360106183,11.575786929754857,-1.6177707367076746,890.2475904505894
图2-9.jpg,96,8.221506588011565,27.566708354672862,3.1415926535897927,910.9850821160746
图2-9.jpg,97,11.56032445573766,36.76612347234961,3.1415926535897927,912.669870631587
图2-9.jpg,98,1.6402839395579671,6.314392069923176,-3.141592653036625,912.8198415253088
图2-9.jpg,99,0.8155662528936424,6.167523635634602,3.14159265358971,919.7157165535451
图2-9.jpg,100,0.5099215588075752,2.9502936445066967,-3.1415926535826797,926.4257386119683
图2-9.jpg,101,6.321278187196014,15.834093836511315,3.141592653589463,937.624458699924
图2-9.jpg,102,4.419394637898946,14.70235021537799,-3.141592653535292,947.5826824109116
图2-9.jpg,103,3.6530916810379264,2.2611065715253766,-3.141592653589764,949.0573296217812
图2-9.jpg,104,2.5208168106724744,7.140808585923687,3.141592653589792,951.8543724161884
图2-9.jpg,105,5.353855753396761,10.526030746404562,3.1415926535895715,961.5988903990899
图2-9.jpg,106,1.021993160687796,5.23927439230605,3.141592653308828,958.5506821347686
图2-9.jpg,107,2.0876988926775786,8.252603025825048,3.1415926535801972,961.2042232753794
图2-9.jpg,108,3.0377429908675158,2.0000000000000044,-0.08239112741838704,965.2499999999999
图2-9.jpg,109,5.551960648649489,48.779563813786744,-3.141592653588237,995.0548535729368
图2-9.jpg,110,63.14612322344259,264.9573068739661,-3.1415926535897847,965.5609341880944
图2-9.jpg,111,0.6697720806123038,2.9796714805907425,-3.141592653589707,977.1172727750597
图2-9.jpg,112,7.179399470563338,6.353135713761829,3.1415926535897927,990.56337599014
图2-9.jpg,113,4.083875615630452,20.456283430221013,3.1415926535896714,1010.4082397481282
图2-9.jpg,114,7.048142059563059,17.013942467045084,3.141592653589787,1009.4790722203815
图2-9.jpg,115,2.1642062657652503,2.0000007146682144,-0.1156571427397882,1025.250000019328
图2-9.jpg,116,21.48944790588086,101.5223308039029,3.1415926526423448,1204.8392551609825
图2-9.jpg,117,2.2373115086035726,4.089669059409149,3.141592653405779,1054.8386155368446
图2-9.jpg,118,6.257522795874712,12.0588330014806,3.141592653559921,1066.2773770128595
图2-9.jpg,119,1.880627553903211,5.740646621703874,3.141592653589742,1063.2395734203353
图2-9.jpg,120,2.4327338309754842,20.23954661314989,3.1415926535897873,1071.556040464589
图2-9.jpg,121,2.7607174346997763,18.7666815327589,3.1415926535897927,1068.4023117106822
图2-9.jpg,122,1.671717674750223,9.803500469278113,3.1415926535897927,1071.4074931910768
图2-9.jpg,123,2.267617242987589,1.9999999999999836,-0.11047244964247838,1072.25
图2-9.jpg,124,0.4881705901694468,3.0230548387560616,3.141592653589236,1074.096393686264
图2-9.jpg,125,1.3026783470883265,2.8350314067295828,-3.1415926497198825,1084.722802111292
图2-9.jpg,126,6.302782841133268,19.863959289531607,3.14159265358966,1098.0415427588966
图2-9.jpg,127,1.8000663591430608,4.021145704204795,3.141592653589768,1097.0065436347988
图2-9.jpg,128,0.6612864592969812,7.004576292346037,-3.1415918607546427,1107.506462678972
图2-9.jpg,129,8.173346639550532,11.306504721555074,3.1415926535897674,1124.4005005283514
图2-9.jpg,130,2.463693530533188,13.697918230882637,3.141592653348337,1140.3774652638713
图2-9.jpg,131,0.9209022936991795,5.281477929605488,3.14159265358693,1134.731359491724
图2-9.jpg,132,2.0904595020086516,1.9999999999999836,-0.11987784708466075,1137.25
图2-9.jpg,133,1.658699543048838,12.420890464114157,-3.1415926535897927,1140.1599639433266
图2-9.jpg,134,0.7244234518308387,2.9047136621720946,-3.1415926535897922,1152.651933264525
图2-9.jpg,135,1.7406693886267,2.000003230440123,-0.14326561354626638,1153.7500000938771
图2-9.jpg,136,0.9266604474979722,8.587837485106215,3.1415926535803402,1152.9475587927934
图2-9.jpg,137,2.624989456189497,11.868739626777296,3.141592651273986,1160.6828858783533
图2-9.jpg,138,2.767073699338292,15.490190862555659,-2.81532486869324,1171.702064619227
图2-9.jpg,139,1.6255821597727593,11.561114983472025,3.141592653589136,1181.2014644635137
图2-9.jpg,140,0.14044219245791142,2.9118488651379115,-3.1415926535893814,1172.0287499806254
图2-9.jpg,141,5.953271119928263,6.817175892735716,-3.141592653589653,1180.6012397970776
图2-9.jpg,142,1.4708167630314855,2.963123121323479,-3.1415926531305427,1191.8693195869998
图2-9.jpg,143,3.3554953466164252,16.193764254491303,3.141592653584306,1211.5578248488432
图2-9.jpg,144,3.8367644085025376,9.719840075500766,3.141592653589424,1207.4371669340394
图2-9.jpg,145,2.5992241071508064,5.060160877471929,3.1415926535886975,1208.9500788275795
图2-9.jpg,146,2.171971073741897,1.9999999999457845,-0.1153585127946491,1210.2499999999145
图2-9.jpg,147,7.421186208754057,1.161614270728304,0.22075696688414226,1219.0113592378295
图2-9.jpg,148,1.861758500781564,5.589047559959681,-3.1415926535897363,1222.7131261910863
图2-9.jpg,149,5.668505533902971,30.407294861861065,3.141592653586143,1242.4350954668423
图2-9.jpg,150,1.2832247057079262,4.952626439581396,-3.141592653589626,1254.509685704045
图2-9.jpg,151,0.069702566920592,12.536748889834065,-3.141592640881037,1268.4574970539531
图2-9.jpg,152,2.745892221026631,12.90070329784004,-3.1415926535835954,1281.5304185316804
图2-9.jpg,153,15.427096006581422,122.41124624304479,3.141592653569171,1315.8185784381662
图2-9.jpg,154,0.6481983771845682,9.527933700590609,3.1415926535686647,1298.747249508443
图2-9.jpg,155,1.0,2.0,0.0,1288.0
图2-9.jpg,156,2.1715765487582237,2.0000000000000075,0.11537956051774745,1293.25
图2-9.jpg,157,2.2077229916839447,1.9999999999999696,0.11348226244822433,1307.25
图2-9.jpg,158,3.535347986123535,14.0294719855229,3.1415926535626384,1315.9583924355572
图2-9.jpg,159,1.327531292675705,17.817476629797927,3.141592653589556,1314.7040550840234
图2-9.jpg,160,4.503204918751285,10.156987560943891,3.14159265358979,1319.5093450476277
图2-9.jpg,161,1.8315635330049376,11.289885398769032,3.141592653584489,1322.0420146530887
图2-9.jpg,162,0.9459658705898314,11.128648036297072,3.141592653582128,1331.797180444341
图2-9.jpg,163,4.8474674751828175,18.686600101154422,3.1415926535897496,1340.3414205839547
图2-9.jpg,164,5.20080109445268,17.27109691095789,3.1415926535897927,1333.5707272321342
图2-9.jpg,165,17.94885466031133,2.0089438132424777,2.929895354354464,1338.625079472549
图2-9.jpg,166,2.96108363953351,8.19283610390116,3.1415926535548286,1344.8662781958885
图2-9.jpg,167,0.28553027176825013,2.9901307671227912,-3.141592653562188,1343.9373765562977
